Temperature,Rainfall,Humidity,Salinity,Risk_Percentage
25.618101782710436,55.539878651585894,55.70234102415436,20.18108982626694,39
34.260714596148745,162.57028421350745,54.81872794431999,23.90044191574117,34
30.979909127171076,261.8837507629225,94.3752748312622,7.514036963774969,69
28.979877262955547,219.66746592286836,54.972771990970365,18.74622298820997,66
22.340279606636546,241.9683443584349,56.31698356771786,17.15237949431246,33
22.33991780504304,197.6350100132152,85.56389574507783,24.984911303648133,53
20.871254182522993,207.68296935535574,66.9843905470324,27.182611814437816,48
32.992642186624025,254.75869546959578,86.60263341731087,0.3647031443216042,65
29.01672517614813,74.90040265775578,43.92196945386311,20.22059757176378,33
30.621088666940683,146.82748909294213,69.25427162040306,1.5550739735918706,51
20.308767414437035,66.36283254588066,42.016816010996955,16.465759952320678,5
34.54864778242992,296.3004023989941,43.75919220732127,8.628981871310346,31
32.48663961200633,283.217801905984,94.38624720066466,9.203297985664236,54
23.185086660174143,11.82804341055177,48.354722267055706,10.588755103570698,20
22.72737450810651,211.67255175470655,71.94524093651303,18.638773471488303,43
22.751067647801506,277.5744952246998,64.6657361560424,10.021498970063076,32
24.563633644393065,54.17260353820006,60.84059957553056,21.98097151770841,21
27.871346474483566,170.38356916578883,93.99000074123634,12.135821567216091,81
26.479175279631736,274.6464892764126,41.30940380652937,2.0505960092987587,65
24.368437102970628,10.183793575739653,79.82738117053535,23.512795274523217,38
29.17779342083569,209.226080174052,97.80366605281303,8.57274973778118,85
22.09240790978063,89.20470221176522,73.61009100771052,12.983006387977879,28
24.382169728028273,277.3188586129591,96.20934772198551,20.563316496657045,68
25.495427649405375,291.3174735496103,43.13547275716142,9.97368471446136,63
26.84104976325554,283.27994673403015,65.12759914444969,1.6975696844014687,88
31.777639420895206,142.26426499723914,55.60946745772307,11.217631410384408,36
22.995106732375397,258.61279529679405,83.84925789884379,28.333457480829104,52
27.713516576204174,253.3648195605211,98.8778254298348,19.252031918956746,82
28.886218532930638,95.7301419729767,55.391803746654865,20.14437446001621,50
20.696756190799967,248.67464224520322,79.25047608844447,18.968464609129196,55
29.113172778521577,11.102290414647786,51.88585796558441,5.969764168783104,33
22.557861855309373,178.88096354461592,73.9198152742966,12.550015923068404,48
20.97577389477919,69.00265118631091,67.83594920130017,22.52819395089955,13
34.2332830588,36.17006573318364,98.32031977789222,3.0411869265947744,28
34.484480496118394,23.085960488762748,76.51163636178799,8.335583282691367,23
32.125960221746915,208.88663276344192,60.97038232520913,8.289573253975608,31
24.56920653760056,101.96248913041984,46.845747093276,12.96056782783518,31
21.46508171009576,217.43003145862843,49.07480972409607,29.411062228265553,34
30.26349539768235,19.60690223968271,53.519015797074104,2.025076400514658,18
26.60228740609402,94.5871013491831,55.05799968041788,15.561029831417851,51
21.83057352267168,161.84738771260118,91.03696347046827,5.380940460366314,54
27.427653651669054,237.21694945168906,73.6733672969515,29.120296362292322,75
20.515827816728276,95.62575087962098,71.40345468246198,3.399105141823926,34
33.63980603118173,187.76741293110274,46.88613231215305,12.108030070847738,33
23.881699724000253,265.79332447085613,91.6083816009661,22.136549545038186,66
29.93783426530973,184.75895645469137,83.36885819250902,21.13663284082336,89
24.675666141341164,69.88784242609013,44.0601017140001,12.681859106817967,23
27.801020317667163,7.320234466961406,82.47010583378612,10.395725038581547,59
28.200654190149194,261.029662170279,72.61229304055877,11.928371356586117,76
22.772816832882906,6.380823255116141,44.9035207448067,7.928287894759178,3
34.54376941646838,262.4105018052598,67.49803849171938,6.159988161203994,42
31.626992350416717,158.68114020816358,69.08177722780282,14.491190926766699,64
34.09248412346284,281.72030955386884,49.94647240979654,8.05601268202822,32
33.422410256414736,239.63497073209962,96.74188882001694,8.623849946917503,58
28.96849968216628,299.38023316000124,90.99852228883972,19.702681904236712,84
33.82811352534675,105.21354463551305,80.1413402397465,29.056119950996766,37
21.327387530778793,230.15648667933806,67.73773366003643,18.109116016781254,44
22.93974293628718,120.57927408277264,64.70593249507051,2.309384011948988,16
20.67840933365807,143.96268609117266,79.05840802905725,2.267508415622009,38
24.879954961448966,188.25163896551103,72.72591216441432,28.54269662536698,64
25.83015934534223,262.10313425590164,43.73638635291314,8.918723709220009,61
24.07023547660844,295.22504075978856,70.7501589262199,2.762009582474263,56
32.43106263727894,230.48202415935546,88.38421703397037,17.971337614511448,57
25.351299900403838,125.33003465020013,67.55439265581748,18.709463348707985,55
24.21401764531071,126.40710068312106,43.117394653256106,19.455144603560644,36
28.140441247373726,221.27469047666744,87.17669196304199,8.02206083572624,84
22.113863374621438,71.6331437304907,52.08182692815846,0.453320526434251,17
32.032954711310595,33.1422339394184,55.51725009328233,28.950461083634156,0
21.118259655196564,106.38664729223296,49.882381205937754,7.526791370733075,21
34.80330404900776,86.17169749622452,59.81290389228985,20.280788641576425,19
31.58367153944986,88.89243613679703,85.4050903413181,21.19889609636129,53
22.980735223012587,70.08232531497298,71.16315157023624,18.300222512384572,16
20.082831756854034,12.627956890908564,52.29287644904275,9.387221826409446,9
32.23192142682251,5.362180420024143,92.66980468912244,8.132887612921973,21
30.602860157714257,296.3167169208095,92.77491129709175,17.930048481081094,65
30.93510752061481,128.3319401207587,92.23470550276042,25.982869008350747,50
31.569055200289185,115.2979941479045,54.32777268289236,28.402011867701866,30
21.110669776011356,203.89418480792096,67.07436065085929,3.1771741321127287,44
25.37698592816409,65.47616635951925,99.0993793684525,4.6448583779315955,59
21.738035892876944,284.9883551850676,86.32074857859942,28.34208776349239,56
32.946551388133905,235.90350432466562,41.63004527353359,22.096056850043777,31
29.34947190241337,26.823300693677854,43.91227547562952,26.48981474489319,39
24.963470372789736,125.2742327354785,67.83588260873996,6.0789790240602946,47
20.953375254290354,263.7354922686494,94.55321235169362,17.627576133282055,53
24.664734825734932,283.4196066874231,72.32210787716285,21.03418783252421,57
24.877749830401207,140.22045337496093,69.86875048205741,20.40335656340918,49
30.944092675070962,184.0234167632123,46.32842199739783,12.244550726000943,52
29.563362070328196,50.11018382762257,79.40680628345764,0.4618467507392543,61
33.3081911386449,297.350587841093,89.32618963601352,17.487781704127894,52
27.08322387742924,69.50151041503302,62.82520045045374,7.593046175388263,32
21.793913689074525,282.8195322405377,86.53671105551965,13.50762738428671,59
30.698671808344926,194.89399469771053,97.8685992340487,28.72743045251452,65
31.411775729253463,182.32103846365774,52.22598754766135,11.971059529273042,50
28.419157963542443,153.8065533049526,71.39977787168448,25.1940481999328,71
31.564507699318415,69.20094351532761,57.228277485074535,5.656218172477534,15
27.406933945465862,52.95840960165248,87.57126514203036,20.173814940750866,51
27.84099244072991,66.14586272105261,74.65560195286945,29.310208633168305,45
26.413115275378246,55.93147864327636,78.07494505301823,3.056793026188104,53
20.381286901161427,233.875342070026,87.87484957695365,0.24959826681576036,65
21.618371404899566,105.03757775001903,63.75822835974729,13.00748377897843,23
20.471437785301013,17.35280296901891,94.90540410442259,2.7787644915410157,29
29.546156168956706,290.7307890422434,71.9817320347684,22.45153049028694,79
24.7153397161449,265.13576548902773,49.47728937012088,27.43645991545677,52
27.62856036747054,278.3256849585639,81.75394709012815,13.020629181262764,80
33.613497108891394,298.47234679393057,87.59568102629527,7.761349264663229,57
23.739383437233123,52.16857476584619,59.0057006240516,13.032099570198293,23
26.155743845534445,118.87260567079763,91.43075541992518,21.70343453550003,70
31.33326707814573,227.47154271122739,94.36859528594599,0.27162484741112936,84
23.431972482374338,208.80618541613768,56.614269242668534,17.683619684540915,49
21.154698647431896,46.16877190195652,99.01128836291332,18.398750546621372,25
24.34627179370652,244.74993749718533,48.442691682925506,19.130647406878065,50
22.418319308810066,67.3321715509982,52.1209401041494,7.260662399426316,8
33.9454647851386,67.14528444678692,51.053490354281564,21.421581701343804,3
32.12180569346626,161.09232686802406,93.63938260047223,2.741744589953292,51
29.501056347656352,177.88198045251096,79.25755313949772,5.978110094004024,88
33.07190885281577,174.02586235134336,49.12625699333637,26.324101399634458,31
32.05508115348672,27.446051219326463,66.41940510210094,22.161694521796992,19
22.798550883290538,263.2382587891141,76.91788150418812,0.41236662034035754,68
33.388384977349666,79.68001277661182,45.007845099362996,7.451287811094006,1
28.090133628734762,38.85447638484125,92.94498210444033,6.432194489794937,57
32.111602327460936,266.62442396069315,88.21621212649211,8.124189841109178,58
33.441369498852396,286.69544946892603,70.3124064145983,7.426793108396592,49
24.77005212457796,258.6382851796352,98.02759691555022,1.8757888722853722,83
21.65077886791515,242.85482241746342,65.06565875650598,13.76821549790461,49
23.419027438129124,196.57259419170651,99.04661914218987,21.982004243584953,73
26.406616829393844,165.2572111827418,80.07519992821763,18.201951741523093,81
32.2702214888374,26.09602797342304,78.08027639523648,20.186150057942392,23
32.910958748845154,122.53596392120961,49.9572937177471,2.434475356087175,21
20.10428195796786,111.8065551036942,92.91566549827864,28.544721305303618,36
27.661209538663485,77.92613512809787,65.6493812752369,25.154755015290746,40
26.261165047231685,217.02603410657548,49.73400434694876,24.15270955486988,62
23.331617157060954,148.76272052363123,40.75645119854554,24.689514151253025,33
21.797980510005242,24.31386477229438,73.58534101830296,27.98131524398284,17
25.06422757105442,66.0549605849434,71.64397732736057,16.327618983410932,45
34.14364555868779,204.97762909787878,83.16121734214951,6.008460536028776,51
24.848043980311328,22.839257847090057,93.41548318106813,18.503508235576234,43
27.781859326150492,255.3620742146306,44.76439507858177,22.28644481003817,61
30.545284383427667,148.54395810419228,83.88978942042174,22.13752180062076,54
25.45444403568941,144.1759731979944,51.244716645854936,15.643470725006402,48
34.57673124081441,177.7223353978553,91.49062318942984,2.0537615800073414,56
34.43670942413167,247.40428977754476,89.14381083169937,11.133388152903835,57
23.776734437380462,104.34276237065791,72.44762529913267,27.62299825390072,44
27.45872758838578,203.40484576771905,82.61456791739869,17.53346729272278,89
24.513174647251546,169.7195891987373,58.861006791024906,16.149958297671404,49
24.272607415662016,80.1084810508264,68.27007393596888,8.065605431465805,41
20.553304210317993,263.5889959065474,89.2982138626283,11.053467597497367,57
29.143465009698453,239.22780648207842,67.55591183039283,26.86038267459508,71
27.54018534843292,197.53555039752766,61.467895919526505,19.99389142580507,69
20.77218126874984,255.17451872827257,69.652746835018,23.621610802569986,45
24.179696963549173,260.1882602879407,89.6949551462331,13.630362692029653,72
33.623988289499806,212.50889301451045,60.11248284225236,18.907416583684736,35
23.593428360004587,251.10399850910161,50.42569558814463,7.451508262296226,48
22.173423081368348,209.24143850078508,82.72084121984685,21.163824908504587,53
27.341791404163445,204.04223152809013,89.55869276248491,12.82804001110012,85
34.78475681165901,185.5834134645553,46.038248711412,13.276365444442368,33
23.630829072672505,225.81499186729238,54.39244676535668,19.47966973730645,52
30.082033211088177,47.58153158792211,48.51831938565964,28.0884186440678,23
31.424294229930762,264.26122775967855,60.87648469493,1.9201903982586277,55
23.564563159885996,261.5530583235696,67.02105873432475,24.742297120410228,58
30.923245229177894,8.774184910367744,84.92958021779839,8.771493312365793,38
25.5167469907888,247.7450251694288,79.06885509290045,13.317583635191335,81
29.484587458903693,38.66096024203356,77.25571404870587,0.6573998632502687,65
29.50294566141342,100.53565627774258,61.142496796579266,9.031382335029392,47
28.036620261121378,223.05247688748233,90.4868531850856,15.078937278903915,86
21.354346550816125,48.22796881449246,68.27723004388987,1.6852823204231704,24
32.52953743383857,245.39010723571866,98.74629628090928,14.732871881494955,53
24.811700974576038,249.6402533873226,78.04852829774421,27.81331886575282,69
22.797777655997812,152.24032012825086,47.57588449387016,3.1617965432341566,37
20.61162712332146,1.915761515050074,80.57065372452604,22.93322184226513,22
28.863394147823627,86.11143995247383,59.50624092590194,12.290131601279779,51
30.163465427634236,185.07807551272265,81.17963180116584,19.65521143573014,70
20.248817433917843,294.35585340822706,44.178468889744344,7.807097939556881,30
27.681395874489215,189.54405810500052,50.492886230557566,4.784767876240749,66
23.397436627969068,77.94107431924793,91.34423553434718,4.813878428136793,41
29.67759185614175,190.2017109298834,53.63077342141089,2.1147583692943392,60
22.61549643507487,161.99561391475663,90.22246751457641,5.569401147037291,58
30.36406607153699,233.9536185453431,56.75656530726462,19.92658154966905,50
25.801030194508062,32.094191648087524,78.57291460352246,26.45071835530524,51
34.05094983105102,228.3083707506084,81.64903441058986,24.423770567734856,54
22.0628141621899,162.37997360283308,70.75928518870317,20.55402929623452,43
25.115995265753877,288.8976011576984,58.31864060180388,3.31295590233308,66
21.702102818608836,102.56164981160583,52.75866258226577,8.675623388878495,22
33.87040427417844,189.78656794018443,41.991361273745575,9.29420625967407,30
33.160090300714714,279.60843165300525,58.23678407444343,7.498708391928637,34
23.869124415727335,30.75291839720378,79.18976743187699,15.450169791291694,37
29.899760690512686,281.1685461709353,96.29828910690897,16.066614446390176,80
32.25833300301824,206.365716690244,92.27226893578312,10.706579255133306,52
28.328012173991937,20.35111773155157,85.96388659211816,10.61367476209308,55
27.944758675340097,90.28907008404488,87.30684059519793,24.85666793718244,71
23.627784363506777,212.45162659358448,79.89909420855972,23.678785449590567,72
21.396541517088487,20.20518044063151,55.61721145396018,9.233874950422368,3
33.458236369299904,174.65113805288198,94.4317018423498,27.41365331619778,52
33.506270857449955,103.76491708588702,80.24393871435004,28.584450510075182,39
29.49652185909902,186.27465533024312,73.62643785882639,9.802276260901225,78
25.08544686573051,13.722610143753855,46.65936815280887,10.632748463791646,35
25.238143619189913,261.4610418457129,66.82333262838553,15.169024602658766,78
30.88933518305359,292.0466907532191,67.62149627211558,28.233624376010205,60
33.45665389928865,290.66335658570745,91.8738165713602,26.289582994269345,51
33.306296363976756,224.89554952287742,72.79889321126731,3.077038877507694,44
31.698133187864357,39.02587203918959,62.824032938224576,11.781922298142486,23
29.630474692314316,227.47895877870678,98.60801971063957,16.601135692493155,87
21.262099474925733,7.376074937640453,46.643235599578944,15.093974176546201,6
22.424430711419205,6.637065458699176,65.35290569871668,5.81589203810678,10
33.47831282790619,97.08306574486237,42.52148051028432,25.76450313504464,18
29.096435894893848,146.59295712139973,84.39424724601582,20.30822348990512,71
20.137955774249445,231.12222534233797,95.08459313194903,25.137251245554108,56
21.522073142990482,204.98861298195155,56.80223977302936,25.762928380484166,35
29.952526536620837,133.7708119130245,91.50050060794726,22.450675609972194,72
20.075923757693282,82.08799988449977,57.53309382771386,13.17631803749152,20
22.41212077126248,299.13735004731336,94.64620969863492,18.316402650462738,59
28.231006840498793,127.85439067079189,85.23771421580703,4.810962183592294,67
30.378427965390397,135.41610729890263,88.29440661048632,20.20936252424723,53
29.77941889253901,49.08714635750076,41.08039333602727,5.377597672178423,32
23.3640396419084,238.44286462497882,97.76862142444156,20.818487715304705,65
30.68268832021304,208.1046677344466,83.6002595242194,6.88794482261906,74
23.558736312452,66.23088383662812,58.285065723167996,3.526539004506599,19
24.880995472389017,24.71431368475281,89.76367989153081,4.958534704288723,35
31.197371076770363,204.14979062241392,56.891271904895795,0.05976405657210804,55
29.74449348570822,196.35336428434056,92.36523037396768,21.56218853560591,81
32.738351157412666,81.9778580994628,46.75482342471622,21.97203147175137,18
29.86419338450515,285.2590686751231,82.22115864764774,15.448000497397784,85
28.524629050032075,45.31736753427007,72.44190859869462,4.840884031661511,47
21.40512151742139,129.7004403127806,45.79206821172645,2.5066301253206924,17
25.515737045891502,283.0847760502797,54.51362969553034,0.5738689931186103,70
23.978035515225884,125.91819507783669,40.744242176638885,4.972445308956621,32
23.659844650686253,191.55778429922566,68.12607792787036,26.725666049494404,57
34.59515832128668,119.27831938883828,58.07591564560002,7.246105251050453,19
25.896465870001407,82.26456070460101,75.90144905786553,10.62813981651647,68
33.3806983276567,295.19329438794847,57.83426846251703,3.1603645344399958,33
29.467079389958943,122.80020189451291,57.995146690419084,6.670839142445109,53
31.922169553124725,268.2297611037403,84.5915919238962,15.576737123406154,71
27.539556396577883,68.98638176732585,42.88857015870121,18.232580492869577,33
28.653558269395386,63.93141120752499,94.17369971151923,7.360569424986332,52
27.38776540728296,9.340224865353408,91.13583246347089,1.7319647767535162,65
22.928644816970667,195.5000476127655,80.0682809935844,11.73098607382196,52
30.83678172892258,110.55790311712835,75.59329420644306,7.0261011277900245,55
24.211585436612836,259.3074749518911,93.53814988837914,6.586617696894058,73
20.364739496471806,141.96297200746716,51.11981077172287,28.795884081403656,20
29.682084438607518,290.45802837441653,44.73814973144972,18.489014577771723,63
22.656660191105733,55.65765471093634,54.370610194572286,16.706353295162877,4
34.106878765293715,260.5869503866832,87.67469672201142,12.473253105699659,55
34.30892865503881,232.9790558375225,42.080216003589,12.868330002904328,32
33.722965853306725,231.2765533932156,74.96841010500938,16.227150115142425,47
25.552380503831667,253.4349684350663,99.72625097147859,20.892894211083217,83
20.231849247933013,228.30719728289966,91.34176563025237,21.064382885454883,57
33.92477843881588,187.86609648942462,71.28674134261537,5.1508172311634866,49
26.422762224759715,39.373463304716275,43.81845455719854,15.003382562298809,39
34.49982228565504,9.757853847375575,89.8824108631426,12.35874285102306,22
34.45429965633879,276.25435434470603,75.93871049063263,26.115808988081525,59
32.7951418320104,184.99509435622141,46.89597982357401,18.942567636551292,36
24.416733381043784,238.96118729285288,45.63143708940137,15.975121992479455,53
25.77646592902888,144.456705453765,94.57760916619554,3.461839265367521,68
32.76705007275285,35.192456688718345,80.15201577628471,18.169136679702344,27
24.753830077344166,37.55573766076513,89.75720795900533,3.5161171704070027,37
22.542391200291387,205.6695861686914,92.73873401693604,10.116197266972563,56
28.352018936875254,129.0917684698388,74.30634112289934,4.285258944429956,57
34.04232161241171,60.15741801010102,71.04678110530247,20.762209410731067,16
30.440446950124596,147.47836402243107,65.8256446192594,6.187563415084578,49
28.550917551340476,19.262681122540226,59.01679526746716,11.755781195640779,39
21.457647406561527,174.59142057431964,66.07575765152271,26.87024332856336,45
29.225108400487546,80.6980213305293,86.43277934380939,6.129491501969109,66
34.85080775156395,239.26773019115646,76.1154058609079,15.234151918763374,52
22.10126022854786,93.10858767707214,93.55139739729077,12.57814983498066,40
27.77494478545605,136.56604472454035,66.60280086275127,0.543721231371892,68
33.16059607891933,3.4861619724301907,76.42537472312524,23.782743407184384,25
31.111529266313067,21.734066338367665,77.87845318551932,2.0713771894379915,35
30.45523611492902,117.74806692200545,75.50182973837953,14.227650629308608,59
30.537261259806638,143.98165041513704,82.15802638513098,16.8203488481685,50
25.392367268296326,180.0061644357911,54.246008102488375,18.852793698437612,62
24.4038776639674,87.49877361279097,70.74182665274743,20.658948879236267,47
32.140417332177705,208.49456583796277,46.25348816850086,7.598171505681453,37
32.151700920187714,258.03671915676136,63.07067965868875,0.2993632997534812,43
33.006084778701556,233.95529666800493,69.26002411727586,21.70330987064736,45
33.69860828834707,11.885647604507144,79.13345557272835,16.069697980427357,27
27.67013598291407,144.15208417734868,97.03186315517222,25.083531096217463,71
27.522744420307994,31.47905352545246,76.03906399290135,24.641650887020827,56
31.974427684501627,72.61350475875824,84.61563497059359,25.299785033636496,38
29.749458961666477,295.9987779801439,70.37596356971217,14.552839799386204,78
30.529503158865552,42.74866287045397,78.04624188257988,10.00885187510597,44
31.936890041541517,149.6664460354068,44.25593296802641,23.7467460777411,35
33.350080127263496,185.44672029543574,55.26349485051082,13.538823390877647,32
25.069927352773036,210.73949116323118,61.711185592308325,5.503265892103036,64
25.63374428959916,167.89460504607422,68.34960130039082,25.64922058684423,74
21.409729097613035,2.9312542257550978,42.738924730143026,26.476796303170417,4
28.67420211494261,97.93839247319757,48.401445853199064,13.989292684205104,52
20.53913410695113,155.31349301541343,56.60885846747835,2.270991819293624,38
26.9839702719869,26.359949743450006,98.29196145406304,11.634782697507937,58
28.139669520613648,105.18807936275422,59.88082042618304,24.1061297838781,50
24.298118781924266,9.96093263740997,68.92246348672495,27.05322085638686,30
28.862498908535162,23.573549146506224,51.76586276430358,6.104182274927875,38
20.457503749085742,119.07698286047882,76.64680426454609,2.0092083607581457,38
20.560222831238217,39.8147262129181,56.84099293095846,26.32051359398516,5
32.33900840989487,170.26225447846744,52.419554706305604,11.68214816936626,33
25.402859621168943,206.83949074117973,70.99435770675875,16.252828928026897,70
21.90590768977827,240.17600973272485,40.33034794962525,29.04197436152277,36
27.833648900822066,60.04507327344303,40.45984195895352,1.9969418374266856,49
31.54990329647916,50.244774677720926,53.14412854611147,19.449540223562867,20
23.23731541245265,31.370352100320076,42.20328175004927,2.2231626772460125,23
29.343357137285004,190.92907486309102,46.48154524784148,11.26406785399501,66
21.28021197490652,211.94271794607036,60.331638960325094,24.114436355803402,36
20.775225817529115,9.475843447692611,88.15514077478878,13.004166982669032,21
27.97031947352222,280.86367387310696,74.32291860215805,29.915470617088513,78
28.109526824151597,15.591385095441723,70.76006355738498,16.771778548398064,49
29.5614485224731,162.38890059032113,57.6093293924873,9.634864579078604,68
30.891370005839924,212.71815583527493,95.90522316596898,6.603339777142594,70
34.63778119193802,261.2907371238257,63.8209024742315,10.515616028584855,32
27.74450522451793,214.22607963972834,45.22556600774629,11.175998212786524,60
24.84434709411869,240.51842492093755,77.02399096706807,2.0614103317188293,68
31.927792921530553,101.83505776284181,46.83030360859608,11.087225982803195,32
24.062483768931113,244.44753412395366,60.71338856810152,13.927155592176748,45
26.584571310584543,24.034453915402544,70.44471632306853,21.68213256716414,42
21.17684572013399,268.4449968181583,92.45335148111054,19.70188454164824,53
20.380261151231863,164.27771284612086,69.61279482040712,21.262969656874628,47
34.43972622016888,245.1893309887481,82.13552596189986,0.25091045630571296,68
32.53970180768309,135.69548535549004,99.56901033994423,6.530021987416081,37
30.43961309140547,193.07330855895748,47.8893471938789,19.850528651995695,50
26.134294166214048,157.92079828083396,56.48389153117117,14.519681045392414,69
22.599414801062686,219.47685652659956,63.674564535858785,0.15940427005037838,44
22.346555640066292,24.488994609176874,65.30969071232988,24.13483927295467,15
23.75364347246893,18.10562519716914,64.66126451593274,23.184287198710123,18
28.238399970591807,74.13097020304393,94.4566601533933,16.45257488980688,59
30.718938840500936,47.8634040339565,82.84195866801139,1.9938997732881636,50
29.90296065076597,261.5350699776605,76.47431284544223,22.99545148597754,86
24.199008454189144,65.76419620741329,58.562363071766924,17.51140763194092,23
34.32297920994791,292.75957674573937,89.42742305327768,23.458799314738776,59
31.06845375043653,101.06873753133205,97.30363068909934,22.55240977187521,56
28.31531078767101,54.63537470660979,89.2718969530136,24.090062158735115,55
29.175811193515283,236.90955214274373,40.093906311488375,15.540241992138744,60
26.29400093641685,197.61233265026283,78.18408221100442,4.20973554580545,81
23.715964842517362,149.45871493594169,43.06812288652604,20.13472420139066,30
25.339590179768923,166.60906528128936,55.456433220023314,18.614213551559118,68
31.367691656965537,215.76053348167915,43.5714820208663,22.267595615972617,54
20.215902329446337,68.53642239938962,76.22772717696327,5.096430181522059,29
21.741089607603744,298.90017481702256,81.1953948095564,5.849255997008677,58
20.69003963032629,292.4379486440349,46.86925828395431,26.712285516579854,36
20.61093203478455,195.09770590408107,63.030332982698766,22.499333953562125,31
32.831908760165106,59.86273527874354,67.37419053733252,27.24685466100969,15
30.554867890700354,204.0684727293874,62.143181305655,22.76145963491762,48
27.11260743630988,21.659522693752752,47.26150002911158,17.914659179709055,30
21.46751240976502,9.195750661741819,65.13686741124853,19.62398211083621,10
27.374238126752484,77.3048665533641,85.07068286850509,26.6738377182003,54
27.102076561708486,138.78688702179488,44.26045987199533,17.364202635358215,46
22.598028048650228,260.48175162251414,44.810800844914205,18.97173972985162,33
26.507774738569594,218.1507209298924,61.28627751015905,4.694301480108018,60
25.977571015960603,222.81195635999433,96.5035426971355,14.217636603483081,83
29.237751470783248,127.6480003344226,80.11435880337484,21.49191335874297,70
29.526404763014657,103.78049776408888,80.72019740035388,8.128280949490962,74
20.679560146580666,111.3116288953808,61.715199450271896,6.067625415736048,18
25.619189219397068,296.29486912081734,75.61964747251231,9.414804246732466,80
29.387898735713545,12.032757423744744,40.6078710416646,7.245018839785003,36
27.547043878701317,260.10944883673454,78.16576278457254,6.447379111091875,81
32.84734761782484,173.60262257171803,94.7972168545742,12.745525286042609,58
29.880404474284177,131.58462575687713,76.75440810068915,27.23515541650602,67
22.444016406221444,217.57729812454096,92.42191560798071,15.211789402161548,57
21.058531211006446,146.00068242741085,83.43838332796562,5.637611424459691,42
29.636289173094735,262.0269714244982,47.23350498422141,2.309150081426222,62
20.39766965812433,270.21055920337756,94.14719843715051,20.884684354137757,53
28.78663371910195,126.51627806203662,43.986630661346496,11.483962933091634,46
34.10345362137436,83.04833917051548,72.03804835286583,24.654928397560777,28
28.632112668138184,177.70509857800866,48.52822742760746,19.785323059223106,68
25.822548893097828,273.7090036850073,40.70239664385424,23.887243516241057,61
29.649323276635297,63.198656701699974,65.32205560765834,8.158381182553462,42
26.87379335737275,186.88997506904482,57.702442459249376,20.770767673831745,63
28.184251839739023,189.46806602775615,69.16002962785618,7.921859540811563,74
34.12197213164788,219.9339067245843,74.63199320407305,28.172054383508748,40
25.791539567011615,39.47030553817794,42.624344338536844,19.09122844600123,36
34.41785845735871,214.74748940462658,47.38019770742474,9.735354005260263,39
33.58025962934096,272.7097561996923,73.51854378702552,8.085355868768179,46
22.936867021839447,53.90493266107259,60.59004119035949,5.727797552149305,8
21.040419513127482,71.2629974771633,83.75040925296688,20.839228766811832,23
21.5116700206614,291.4185282124919,79.13749891551637,6.561468389937819,55
20.273327384773246,54.29308581284693,90.73626177939441,17.85909797782467,21
21.416644411338925,256.3155280108737,81.54956960015352,7.9390508077607205,53
30.245101601245352,147.68335693441043,65.79586464340889,19.85906834381606,41
21.067829726903433,74.16932232095311,80.37799734366594,24.448191856216177,29
24.78463445440642,261.2249703817534,56.52287045532511,23.340757294339596,49
32.67312966454182,133.59157650079965,58.37880992669276,22.82553992792345,21
20.349079036037388,154.44520617890706,87.3391095952476,5.631672170767562,50
32.217027238834035,107.77001081992971,66.78517098409493,2.651548409535561,34
24.227821621601,177.88525543047822,87.90282043110115,20.96846485462157,74
21.772472414324845,49.05716177550683,89.3453424200967,11.05041641383054,26
30.45105748046226,117.32446099552821,91.45374025967702,12.970386792100419,59
29.43414270169826,290.82369670058625,94.99811415047245,0.9344727838017319,95
33.16208020290579,77.44002981033826,65.85911323079777,7.787293478251476,15
31.026065657058286,197.02099936238767,59.13200909926833,1.0102921162339207,62
32.05221395577273,97.55701926740846,74.93192479564684,26.375573178037428,32
24.2305185885696,232.0419377059802,62.270345406257654,7.301900496555914,50
22.661593156695844,39.26209821550495,76.06445000801398,16.72011508719024,22
31.259221274612877,290.9463135235634,82.33515175862948,1.1693796198339124,79
32.10252108900896,136.13686241509177,81.30430110952821,20.00542173916974,36
34.8575771300101,70.81513900393918,62.47317322120728,9.690820372622817,4
26.189265153671396,22.049024199003796,50.01161210192517,26.937575608729976,38
25.580271286891747,50.92737152626222,65.83176030773245,26.643545668021076,49
31.64619441112995,155.9321845668053,48.55564864491453,9.758718550852434,45
25.11205310379527,101.10095292938588,93.4058221110285,27.028826870714038,74
33.96135988405347,248.66500976478284,60.75264764427145,29.884730204963365,34
32.87619127764518,129.2662570985418,49.267584833399425,24.76246992371844,20
26.434910410625275,74.61428177628898,41.526865594345054,25.34614043265687,36
31.26306601687246,185.143495981209,78.74934317718906,7.470262083272697,73
31.318143111270235,212.03316506563374,78.21413904728459,17.30107196573269,70
21.54685803253899,50.11257237028496,60.4362499948775,2.0176774190210356,4
33.5382936001935,50.2857648864953,44.30271333085906,2.8475381046500914,6
27.578785586717856,11.001428080062892,64.57773369371392,29.966778360998717,30
32.39686199161613,220.92060451969215,58.67304970380361,9.799177482777328,34
24.800744015459177,199.14135828654153,80.62723838410056,22.44551736146539,66
33.432848427443005,142.38926272494416,76.34675496716142,24.199951590804496,38
25.838025181012448,253.25113469075913,61.8756236918524,25.740698130216877,66
20.162564772204476,241.70104588501596,53.07355325529941,29.928848922064695,34
33.58072964628896,175.60630931902566,99.28215796933551,7.2448945577060355,55
21.369300151792004,260.4813841539776,67.2400972717669,1.2105248057909912,51
24.789704563856223,61.752363011030475,81.29645414681423,12.335745539837578,37
34.25092950576207,33.575885819318366,48.43317805470165,3.9024200948684085,6
34.25910720406334,80.92488345509689,69.13538197956387,0.6727766748616537,36
28.601568321849292,17.126056826794457,41.65220319216793,10.812804814244583,35
29.47755818254699,159.3508584003096,70.327307074627,23.512147532257092,74
26.726682829674797,280.9817076884884,97.84104442706214,16.985420736752125,89
24.39816157547097,11.803062200552894,63.05240277914801,9.383339676310621,15
24.92996818054874,36.63297420300804,42.3397607544947,19.630260164781593,24
30.087776841155577,135.6597084850306,41.857347455160614,6.960545409264322,33
31.2856179415652,280.1625052583715,63.27920559681217,0.43144338216255074,56
31.873685655887726,94.84683149302515,49.60149618779164,22.93060159309282,33
31.84427214191831,152.17044260651772,41.40112577969116,18.712292545920274,45
21.368091545730355,12.471857715117629,85.3728168370106,22.8690787350288,21
27.41630457053872,44.50296028862666,67.51138053291344,1.1681405006299683,57
20.863381400249665,295.9890368876541,57.35468631835927,25.113588834919565,35
28.242933234856032,289.5356089308137,94.00499098098884,18.5857860010891,81
26.622957520600654,1.4819942803228847,46.96833761203153,16.901860521379206,35
33.3155627413745,285.5435356269717,97.35512973731915,18.738421443435946,59
25.26372518828118,191.7359813446501,58.83800304264117,25.932997406050923,68
21.756005246414087,260.37548835600666,93.30422033852088,17.608095196767213,56
22.144875230792536,136.42195669015774,76.1765725887677,17.42851139664538,43
31.422659475762085,154.6788085737751,89.60244158448924,29.720374711972973,69
29.273270949743917,146.65397407707604,99.04078979262786,22.70190501205704,71
21.516840141841854,200.0592772638313,57.30432626912474,13.268814163534058,36
21.26160209172496,41.89537642689387,97.66812912445558,21.221910000987833,22
30.5145369718868,8.992076961803386,63.36891369414522,11.676914150753655,21
21.091445095462902,92.37898247735727,63.13071428421534,6.86626387450497,15
32.32790088935534,211.404228820994,60.42322625527034,17.905556306632782,38
30.593633407347443,60.55603563688451,72.48445644085511,27.845462943418543,34
21.220231709628496,202.0297299974752,49.24870259070923,27.874185600463882,35
21.272565711277878,290.9736138321811,73.22268912148067,10.25715834316471,44
34.799593677517635,28.170214736825518,72.50228874460024,15.83032398665085,16
25.614061936341805,201.78063546753788,85.7141087562922,6.349076957095836,84
25.559632206003364,133.12506579137136,90.01899771625513,29.868933284966502,74
32.19199350886254,260.4426763132516,66.42648101874545,29.43353723603807,44
34.20872866075788,53.14493683421577,58.13999496108963,19.48526789122342,9
34.790015957343066,207.78778566784936,55.56009383902567,24.1324217903242,36
31.300672778884124,251.43458689443307,51.677430202292314,21.453004838511,54
25.643893782963737,283.38426584220696,43.458854931941495,17.794746571184046,66
21.25251075048003,204.97440848689374,60.5468787300828,1.6004399096669308,42
31.65720373891155,149.1524292025282,56.21486152784699,13.642930276579833,32
28.376063746037076,185.35417206036416,97.98504315198444,20.243589065022316,89
26.363330138704644,260.67149534361545,73.46252957500263,20.32594841651054,72
33.59531577642104,171.1829239916489,60.836622341830456,11.193678552671507,35
21.66796223459227,9.116117909051058,74.82805605962176,28.250759599740917,15
27.389376564362887,279.2846086520933,48.35180208074173,5.02071096710343,62
20.170304671511285,206.85802530946833,66.64262495213218,15.010783386466818,42
27.029909629911895,202.95401573317395,77.57405928526383,20.726519296524685,87
20.84454913522756,64.70254571931515,69.33386990754708,20.914074176754276,17
21.782268744021078,197.66564106979715,64.10672803925945,19.459168703064467,36
21.762893701656573,118.15932169624755,99.63090333398189,8.258646403555804,44
29.738154531740953,195.3698931124476,92.81888572893563,4.686197060598659,83
31.19067318898135,31.977909092397216,77.40435748956641,19.078209804801325,38
28.750531476457393,197.3535913809108,74.16264167093696,17.979063484183133,72
34.43258822711813,299.8241177312,77.23962878947505,5.3806803086772295,54
25.62305869285556,14.463611658166808,52.078726469345995,21.1541743671169,32
24.28568129422791,293.1522552663952,63.70826459585912,13.655159752009693,52
33.0289869228419,122.07238821686119,42.36757197345396,20.032817748094587,21
23.35393757779179,261.22603510117773,68.5327622492096,25.12101239310452,57
34.44833809160917,234.71564521748203,72.5814750374598,5.091852857307694,48
20.182317120347246,170.10487829600035,53.664984166192575,0.5743460399051004,44
34.548182400614586,221.53476277539795,97.84173082993082,23.373077591873603,58
20.647398679258643,263.55466839040434,94.56727665623453,18.290922754578478,56
33.367146705471065,121.2420964953099,83.32859412735435,20.989187088663652,41
27.915516636294498,98.10994846897161,72.00319772592175,25.144649249659278,60
34.894471941789504,200.27801566907542,92.19814957886109,24.084328044735017,51
21.106948471030982,242.35378258237756,47.83914062940777,28.82760440786474,38
28.30781426601981,228.68554043298474,87.4305876564931,16.078052365563547,85
34.53953803428649,239.34409465759035,47.489248838010894,14.654868979797161,37
27.846467662552232,130.6749944438799,87.65263975296432,12.056615996721902,65
29.440979572028937,245.35026485250648,56.546054095081416,4.610731285326136,64
30.436230334769256,36.06271661118253,92.62543486109134,17.178216986460672,35
26.818115971516598,163.34672938825486,96.64252562952387,8.310375729779363,89
29.41337120126095,1.7275981494364712,48.92775816430694,27.639225366389265,37
28.764714678846502,97.37574897008109,67.76053630392362,17.495724128312926,62
33.51737015736484,109.93846046141937,98.8592426897611,17.785205415243304,35
20.681695705121868,118.85180748277662,69.0044461583888,10.6477398263103,33
24.214447843883455,208.64016200695866,91.8128513508727,1.5596805593312246,76
34.25617226114838,116.56743038110372,75.3238913278792,0.9523129611896586,53
33.35395675836374,134.6080867867592,62.51979447517611,12.700054324595925,15
26.834851291785693,71.26323926229824,57.14701333155221,2.5369613429171354,39
29.30198896702305,111.97553748880202,52.193385465165235,18.205408666204175,53
24.16071774471699,68.18088817894544,85.70789148266184,26.429190169189724,38
22.82181739585642,21.958777130533093,63.19243040938167,26.487444495561665,8
26.95547607409973,181.03457801441337,70.67652773204507,19.77136230396697,76
25.30028342039079,200.46383956650487,69.53952880007091,6.33695494418793,75
28.754841677763082,185.84710380288436,74.63674175398788,25.88990494076616,74
21.166019554474772,139.0482131401717,91.93462873747313,26.582803059396245,43
34.6159221149925,113.93573405376894,98.84436061500577,5.899607548588762,36
34.79316116719404,259.00009487154756,64.45505251442901,22.12278257312032,31
30.47242571029618,155.72453554086542,89.65113532637818,8.595586467813689,73
28.041445495161806,143.7545632889193,85.87166767928306,24.07920937058789,67
24.642914244294918,7.692619741930706,74.4117370873344,29.91713699710808,32
32.20692529560423,102.3743482878469,97.36282861671599,0.9007801598817844,53
30.27096758830819,114.05868563575712,52.02847093170417,26.92097597372796,37
22.43925409017337,119.64683426907014,46.55585261857728,18.678916007959742,18
33.663907767407636,174.05171076819968,91.23771801732534,29.201478574944634,50
32.33805864384753,160.08076401806355,66.3489889980249,13.950285525792829,43
34.246998699378864,182.3715278380334,90.81813125242363,25.42163791714121,58
30.8857926258254,229.46497846263847,93.5854123117249,1.871822057948317,76
29.201227939036848,243.89572161482803,43.74745561714428,10.058371502348871,62
26.273645544359283,215.4369228679483,93.00788577916364,2.010496132536299,89
33.9909272503102,286.6571087864804,66.89914332216533,29.260294004372117,47
32.990958342506126,5.469774802908489,70.62594934025394,24.5092172181551,15
20.678280051592843,58.73339570506383,77.59555066559261,25.576422637379114,27
20.39550461745878,2.268862493442636,95.58295640380521,28.138956943016826,26
25.646950503170743,194.2424142463809,41.14696566578584,2.5531045835935604,64
32.158299961727494,269.4091646849961,68.61060809906903,11.567927775400001,48
34.809141939724164,73.04468897288979,81.26332254583365,2.131046671320064,23
22.256253366552922,278.110363438892,83.36241746189371,6.3237930465008585,55
28.911960730282026,18.080217086868256,81.55194589222648,6.8809733111301705,51
25.713362849465323,280.3308080416543,48.06610776448731,14.07321633142736,61
34.548715967219046,105.48680617189032,57.963735302300876,8.056865023609278,16
32.63178384703563,30.426248534764955,61.52293152502081,3.029343204532833,9
32.57493057066707,145.7615277558977,88.2662324607703,5.024732672823231,41
27.030397396924553,77.03297031615239,56.72559234487318,4.418266906562728,31
26.222292535064977,85.46187058857684,52.64229783203219,29.192303937368948,46
24.101106078960594,92.18698947788597,97.44688114228578,22.778775207554208,58
20.845632449763908,240.90776934979903,40.531797106808135,29.032843958086858,36
32.9708356438258,161.74838300257633,99.8692513409187,13.192214595237257,52
32.19351513695116,93.39230974680109,80.60927793144374,8.351054449879697,37
34.99576509929196,183.1001349932755,89.70815796694703,23.9487959162756,56
34.94955255610858,214.84520226695807,57.67716378077159,9.787617541234404,34
28.33147558403941,81.78720022006013,40.858916660023596,8.981501211160449,54
31.534811227707657,124.06473045760545,84.2721711136918,6.975179766234936,55
34.17148594823642,36.56582800108426,90.04867582004054,3.8903693467270606,27
32.74471086016117,54.344804860404096,84.42856791721115,7.693891830502979,28
23.710221526147965,204.33535618949483,48.57101723805032,10.65959245421663,45
26.758162029651402,54.43150430868808,85.20567533541815,20.219826244371912,52
21.937391227272425,157.54901510011805,86.13536692645846,1.8769452665835473,66
34.31076540888083,212.7138785167298,79.51243094020329,6.3152081899602885,55
29.0926195167632,32.06307692842315,85.96695596773517,24.27070920875029,56
23.42964208255194,170.19366588867106,90.75528638066393,4.407657707513123,72
30.07551026608785,76.96883511040913,76.81624685424751,10.279354395675647,40
29.271923606868437,288.8780625712739,45.31628283818074,25.939767655744202,62
25.372440770492606,145.0636940159774,69.25766858003266,4.64775933430328,56
21.703363882994434,241.79776493254744,44.6589600802963,2.482105068545697,36
30.073597933891993,165.06796264687853,64.45258186194584,14.536139852400325,45
27.8046155135569,13.02375985644575,64.42638934753766,9.072585338356092,32
31.58477587603459,189.9454126782067,43.960590648414495,16.902250934515624,48
27.8024525166799,285.4210026619971,60.929232038168756,24.114146714504255,60
32.7827225047781,180.48354604389937,46.65988592747889,4.114454644582295,34
28.27860258161728,245.75665782803705,88.49411260055334,17.42097253662855,89
28.414069573030794,265.26193900452233,96.86128155786825,15.165262811695918,82
33.14980403987518,68.42393158467974,44.338988515476316,4.322363580395987,1
26.052242993185956,63.61345197246799,97.30691243750208,18.71995456586947,52
22.01022842675961,183.29429665529753,71.3545959602047,8.209212535823148,47
20.431740144700086,123.30854094201142,57.973940677232434,14.635029556320374,20
31.327058835104285,251.9583908600161,44.61172451656981,2.4681697283118567,51
29.30464327030197,270.0069370194033,70.03745608422507,13.787521716408692,75
30.561196521488352,106.02641379081544,87.67093266944492,9.19390404128461,55
23.19446242263366,71.06116769234461,82.42518863600189,24.67143633556063,37
22.045572133801546,234.15765457315854,43.01356068783843,1.7093618099210484,47
20.21816998501823,82.44181066444082,44.374110122074214,12.558218247549899,21
25.258813382098953,246.78429555410352,64.17239695795823,13.75294272394314,66
28.848765302819498,127.12147609462885,57.717429642876596,21.750182288973562,50
25.883660676495985,200.26496978744115,53.94305938336287,17.22862725270633,64
26.562123830355937,28.660594150400453,56.86026993452282,20.01637011582543,39
33.562380417406224,187.1577974029719,88.20896459781308,23.311478569552683,57
25.223832005349504,135.53030362116874,95.75368321791123,25.866089209745663,69
27.709842337397163,175.98253895264224,64.30616167165398,9.416264901674115,68
31.754795191117147,50.40426232345902,94.36666012794983,16.14068116091709,43
25.948141734819053,221.06212348325462,59.28974207487292,25.203242353175995,60
29.331300503418102,258.83912326296854,68.5862191806275,29.683533928951693,75
32.93545563120118,65.02194002723269,53.56173986895998,26.685579331312894,6
34.24280935486463,28.71436665604852,78.42856253055064,11.144017878731304,22
22.20610221393557,7.091575813900919,98.73886691048854,5.854995516559512,26
33.89881437742242,192.59145013297982,76.20958576260271,14.681776122197661,56
27.381744396193074,182.12821082663422,61.46884504681293,22.249243555081268,61
23.873665824484377,164.009223814221,78.8690467594317,14.777072122598927,71
26.887036343573918,69.58412883479262,47.375240707923254,14.495425899410055,30
34.700488629282155,117.2717987716544,93.31954481592392,25.14691263245402,39
27.389271409893045,178.3429005558519,70.18503704679019,10.842113372015591,78
24.93127415431262,149.0300576577508,66.96098452237852,25.79384024434937,46
29.501012814750887,296.3356560644662,75.15188730721115,12.204144028551706,86
23.602184281672898,40.93192576701994,77.48703176736414,9.846993170350181,36
21.137949921629957,208.54336621427814,44.30654837359078,13.61969733599097,37
21.933195828659738,121.29563043128763,80.95703327340415,22.873408760246054,37
21.920687584366586,128.45988447768443,54.515900818931776,3.780060835919828,22
22.278540402684417,215.27932969745288,82.8371579503954,5.892576476160522,52
22.082407589741152,207.7308453973109,89.3520876630518,28.54334476989276,59
29.61312117204822,297.37679811065647,88.23751045315122,5.264748821440721,86
22.728201265987174,38.51828683623757,73.15005804447335,17.031819537931636,11
25.18500924985795,31.2328948152499,71.21019353864507,17.379433999858136,43
33.45182614859018,217.30164513862235,48.5725576803647,14.688733861507345,35
27.109424603943086,173.51607510192272,86.52076902418814,19.34235745730456,88
30.01336607781541,82.24819996794176,56.28456282680286,6.8948017739285525,34
22.584798068024448,23.82581069669598,69.80172536907679,16.579868033302446,18
22.88433528213006,25.69747487892916,57.056445575651004,11.165197657406914,4
20.613029243997183,268.25726239923546,48.029701779981586,19.85001778887567,39
22.53402594608247,57.56019741562287,77.7734618135042,4.236706301194484,27
24.17885508547938,97.01146863465623,43.25992208937423,17.126322505184287,30
22.655157264151203,67.99692066809641,84.918714047572,5.558110661499711,26
21.330538006355834,106.49889174958119,59.055207715667,8.359291893451092,18
21.809538066509013,20.82715282382801,40.00808158026912,6.561294009707497,4
26.911681520490887,155.71793727248112,70.6677483542338,5.485133396064513,75
23.095005776086886,20.28376907766447,42.811114511656186,24.77132854682001,19
25.46404791572113,240.10695234670848,56.570173469253966,8.57122702982671,60
27.551259062822854,70.11362457312991,82.41858924734296,27.81371345593348,58
30.35592242944048,162.0035743813532,43.76137729731195,29.097795760355726,46
20.589682097616485,264.0237262684375,90.36030954136014,17.13781409811292,58
31.99115598363564,195.26321071415825,40.22919535951499,4.290033679971792,54
29.418505842363615,159.88733596540058,54.809432152114134,11.236447301387438,61
21.22638547923308,97.30012593461268,84.45424336912428,23.93196790044642,43
33.10367936160166,99.90057391745938,58.976208983758404,11.021721860912114,20
33.8130860079772,200.84608655945704,46.11354328396081,2.6105165490836626,38
20.916169397822955,298.24180836635026,61.61403512802567,16.703547327845637,35
24.153164722208057,198.55175695481358,56.22359718307153,25.353625544881044,50
32.09301919689592,167.33502521100746,90.56271412963329,23.87779161430507,51
31.223895355754877,219.19515307177383,58.80087505510859,5.253694203910597,52
22.76781529034566,139.56168368511544,87.33594830656044,20.182938432374,37
23.140239850050655,18.042702780235565,93.51232868864409,6.615127903069413,41
25.55708154187073,168.68904476337295,66.02904517459177,6.546226036565167,74
27.26784477786532,287.28758535161404,94.59658863126351,26.222153199155553,82
29.27382157295444,52.590882707297894,62.63908323779157,7.490068582206905,30
25.533704593546585,207.00146724619972,97.8447049894065,7.897420395540335,87
26.938020741997217,60.280106597716944,45.35737147153438,0.019601722838986646,42
31.21206407200635,160.74830534192438,81.22115599019456,26.12007102376553,66
20.55024804335897,29.002934894015887,69.62884242741572,23.77784439627404,10
23.78655416516031,135.11128087745556,63.25892832733882,18.81986805272034,33
30.70024378826829,226.8489986685738,77.96271272491606,22.50797291816527,72
33.42810256530799,104.27145727169463,82.23142549805988,4.5614570227347535,37
27.67516163173499,199.4735173461654,40.261796179018546,13.749707837627263,60
27.981702278979736,238.63498823691876,50.01718532483192,10.536581620463426,63
21.60758017009664,278.1533458438358,82.78276303805912,2.8132957877104947,58
26.71118550235182,70.39262455663606,79.98312481469239,14.583914556447722,50
27.98925899682535,119.79477474279244,97.96285030772063,27.62218951027906,66
23.637057554520943,45.72480399912523,85.66226741504698,1.2017735715208344,53
24.038648464240715,297.7450506475126,97.04636246388029,8.743827404813816,66
25.65926244656934,278.1002903772886,82.15243009208842,6.226228086171104,82
20.301067966665897,161.98713908416786,57.88313251836659,7.14439960997089,36
24.831187483747673,252.6099883129264,46.32189533505139,27.253036556381257,47
23.171720104948168,156.28739318161266,86.90943180069614,14.042071627028704,73
24.912460282668718,187.07570640082793,78.64895328855495,13.988982388194565,70
21.79643197728877,26.737329634804986,42.89116074359777,22.817269273658468,2
33.35790921109842,226.58112614904238,61.6030279540587,4.634766120147774,38
28.90388680331073,38.314045090570445,97.40798892905717,14.617960623001524,50
30.186534787167343,247.82028907575852,70.02406874261207,12.899556423631791,64
31.837568579110073,234.60842630111577,65.96374816118228,17.907320716399685,57
27.476632983935858,212.62340932289294,67.46197630955764,29.986731097513157,70
21.303804321311354,10.848114157428634,52.53296344030982,23.083466822461414,1
28.056598127278217,90.93850678359858,62.122430251887714,11.935971090522816,52
28.802616770313186,78.93377097325286,62.188795359230596,24.82659156822141,36
31.18159211276495,108.04092224145573,43.14130121124835,5.121250899374406,31
26.47489319344519,26.29282402915156,86.0540577110751,0.9139105892688038,61
21.913704541933456,281.08734690931885,64.99026591423274,6.133451173928192,38
24.256638586980866,166.1406722137129,89.3307932089854,10.21234668342779,70
25.446234445979528,91.65729319740706,91.02088006719373,15.317422723786796,69
29.688758619974017,119.09445512228503,52.71964328191948,18.453874216235995,54
28.561674570033677,134.16076215145068,79.44120893020771,27.318171516432653,70
25.341450888467694,180.17830000818518,68.3369082497789,15.29562028651373,78
34.79772873189469,154.70382830894934,92.80940427528911,15.038269338771881,56
29.086622290353308,275.81759196432523,52.94444075058725,1.507290294689464,79
23.558401876039916,149.08904487174908,80.66879201860266,1.0473465796867143,69
21.526737089306057,297.6474044469938,76.46512733516336,16.53479885749116,58
22.29288708776498,255.42748732352874,57.718088654309966,13.145358397450336,33
23.68936592576762,62.55315430720074,48.196054219070355,25.17541184940896,16
22.410220598893336,279.1785643931749,79.09838562863659,4.820387541355355,57
22.798505360769585,34.90991936564283,84.31584748793983,0.7491498635114879,33
24.276427530407705,245.23491254735748,58.937640625801,13.471163037903777,53
22.60060392942132,114.18698804297402,78.68995624133883,7.124356702567725,38
33.451481369396376,263.39229613352086,63.7078544566902,1.4884312001651234,47
21.203506184924635,260.4170070322351,82.79241299695707,21.73794860542887,58
27.86767084355382,241.77762003528633,51.95291649364319,3.347789998717424,68
26.15595240484492,237.0091308921184,93.41290015817046,18.24958500023315,89
34.735679253629094,91.40374172941223,57.244575787934785,8.431492505006675,18
21.680583532520785,24.275784915375652,62.06715926536917,5.204881510650661,0
25.967833985686124,120.89405362954844,43.48551712482099,11.392545687579524,47
34.54205649913053,52.0573544959526,46.690732739276584,24.04337328668861,8
32.982606888409705,208.48532667073852,70.95171416273969,11.76280730713718,43
32.2560810642392,103.82991796133567,56.05556060367829,22.52308947633167,19
23.8685424056741,292.6830602579745,90.12881354453167,3.764588903974521,71
22.56331381085099,192.2916232035996,40.88160331929723,23.183142589952375,34
30.029648298866466,246.74416909030828,62.74564292031617,7.107999747199459,48
33.94063983691379,39.75740182255453,60.24073280614556,20.321793896666183,1
28.351443395208946,258.60434468178676,41.15965785505606,16.97344664522989,61
28.574190342048496,276.8271571540183,47.462103940030616,27.87434151635062,63
24.199686404904263,146.11857564568078,64.81856049511812,11.61967553925942,39
31.542393997879053,181.87588132529322,69.5718750668468,1.9849556650332134,74
22.80565622836285,229.44294027089865,64.25738483529214,0.5746645665375871,48
24.855188546063655,52.451588178123764,71.85626070472563,24.805756829182595,32
26.38154657924625,150.76982293903274,75.70790049434089,15.742069129842966,82
27.614155680266826,119.59890833169393,40.59542926767014,23.257321555048478,53
23.636145986226204,43.912197648674734,67.84570956721024,7.032768000345441,29
21.722552371088053,110.26032668745943,97.8099544532553,10.352512365397011,37
29.15930063662449,20.45169281564807,71.14193680777292,0.9031161663395681,54
24.329458298603836,7.743572084846095,80.6525360475372,28.844769737223366,44
28.718573321339186,40.54988674644683,58.71183147501299,20.036037201024403,33
22.315440729113035,288.93453347675216,86.43948268916576,27.996152632779186,57
27.217101527822262,164.85886076850508,86.3752889125669,7.9648922228721695,84
27.98884148827379,289.746648345966,71.27776285924834,18.343908336769825,79
20.777353052336405,129.7493634990396,98.56082939675282,20.354999048779135,42
25.04906417290881,93.54483992557788,47.533012885759206,9.526491007727653,53
22.016220154084614,151.84255885207324,41.01685989337486,25.4432770504689,33
20.950624557091515,131.85350658987304,86.20949270542576,28.414843887007436,41
34.84940348584918,31.699405278523173,88.42933224189295,26.54565353088013,21
24.835307674620843,192.24789440706186,47.21243374723458,22.172009278181175,50
32.148116687819524,64.81145475287988,55.93496997751637,8.323940391748621,7
23.819609821456456,185.8763864693489,41.05314180199773,8.448481263168953,51
30.222540833358938,195.060327719446,57.59851664683388,28.90080961338114,51
31.4034178983453,45.607455938594434,86.38851243512029,0.30853487807076085,52
28.934581109117666,18.404888133200448,71.07763166275474,21.481499197264334,46
27.073642828252375,234.22847582053194,60.88573559009728,21.187384876657866,64
26.177613712209027,137.94012713079604,62.30435769437982,18.680686228493922,51
25.23302399814493,17.449138651642738,40.08121754292809,29.703265382605974,39
33.94293716371739,298.45989515093015,57.988031653914156,9.356383072911758,32
32.45929111681594,17.33416829890999,78.78752449827583,10.199155913797446,24
34.47540365999769,208.51056865756595,98.45166662898143,2.3681820883966664,56
21.864458352283172,295.10367757902407,90.82364961903397,13.283944096312123,58
30.963012128054665,71.75403126477768,41.41569787873175,7.831455787045442,16
34.07510685231557,42.67481060615885,93.91363628049037,10.301601065329326,23
22.718495992484904,36.415481826728666,86.99190479791756,25.03715370766883,26
20.997444010501663,90.98254427027867,86.82256741425883,28.064535405824873,35
31.116809739350884,30.31374330319401,67.47974554021428,5.571992160155569,26
28.617096697698678,207.64840250823957,63.88031757727017,11.175267946603975,68
32.62743165137408,18.687539439018806,58.174943729991554,27.858916863461822,9
22.096585649394342,152.82663844493692,43.941691537261946,1.854253820676679,46
31.929009677898353,299.00905615589306,53.69412180962195,2.7708158433413557,54
23.024409800716167,244.19108085180565,54.79621809868148,4.883729676186881,51
22.454839142985566,184.56583146930328,69.0446241826121,17.856385023806244,45
22.463986968964893,91.87608623598351,84.84666439580164,4.514168130179924,37
32.218620803470735,187.16875088749154,68.4285897038768,29.042291443522004,49
29.977958310443,158.1124391734955,43.47066696682964,13.40143581775561,62
27.84598137153679,127.82501516711145,97.46738805929223,15.045538810504992,66
25.382457261852537,39.213113022059844,96.56345914564673,7.399758474162194,55
33.158008112196626,265.98126457214,87.1113725889045,14.128807573042005,53
25.88667661133953,134.93539464639676,99.47967409385323,19.857408979110346,69
32.24899159207366,58.38675354622952,72.66893996801578,22.535314108621282,12
26.587023628553276,110.32780526318689,97.76610101519236,22.61604248129739,70
25.654166441373615,124.2389257586781,44.53630243700505,17.33673338082265,47
26.940196785044098,248.2613686700623,61.940844895682275,27.130793249815717,67
24.520668112462133,220.0843141684206,53.52287608040595,24.522235419183282,53
31.214140702643768,230.79146809240194,51.7499850480562,22.711443440958764,48
27.540805851387187,3.309379328594164,48.44817693356057,1.6681656504138187,48
23.48319042720226,124.84619945392845,77.34481849395979,0.20633886658947942,66
33.49361859911853,144.4032454905971,86.8793113448383,6.373418315864189,37
25.758368320598173,5.7576830469170055,74.69790396522164,19.905707817403567,46
28.15329291670983,77.94396262351026,48.81776257529258,12.335924666476375,30
33.597081664468206,228.0869469366405,88.66742619600825,12.072187778979352,52
29.36356993870988,41.13291171869972,78.15728242982371,26.537606646888413,55
21.75347061062546,160.59303943577748,63.28994236761973,26.866885443955162,33
34.09748185420213,64.56056160517124,80.44781773216378,27.275257921607572,26
29.415620796071266,3.636232393167982,55.59429875456997,9.41634229545082,32
25.023584219856293,72.36043727986244,60.71153250965263,20.731674382177854,30
22.08908108995081,292.7621264730161,95.04915058791941,8.14899543823109,58
31.91037783905444,240.46113356489687,57.430270340285226,5.718294992233494,50
29.3010913389277,287.87299329631,68.19929608947619,5.538973720421076,77
28.001916379644822,146.35621317790873,93.40846824376088,10.263228625907821,67
33.40838874576436,32.92085960325105,82.46328101605165,12.898728593394651,27
31.82895816836796,164.3878466921079,43.73219356988216,24.92847513165205,46
22.275123195991267,136.31320036798826,48.83818265673822,3.5967328041813627,18
24.675831016933223,253.3071248218848,40.470495446315006,22.047775421846826,47
23.727337097216985,29.424774235273375,77.8553074137498,15.94364742567916,44
31.159194388590155,146.47234110653346,66.8604055246251,8.638360280279775,40
20.50298652103669,45.01459940819528,48.05649105413653,14.784587535984738,6
28.54834527306975,97.40277806701799,97.47604726340623,8.998262093310679,74
31.43688028611036,221.2071232163399,71.7795834367372,17.88245865714918,56
33.15148455142624,142.80543881062997,54.51359764677335,13.015317685657326,18
25.131226230738612,112.7664855437308,70.03621426928245,4.932165872366362,63
32.31885957008019,118.34288357101059,80.77721996410646,3.497492236670902,40
21.65947605432811,137.834030521796,44.57435307841387,16.400870462163905,22
32.696784376017774,235.50496315111707,56.482228902873516,27.072390998583103,31
21.912329934979738,267.6254066820703,88.41792945303962,10.318730596730566,56
25.95930935840551,286.60040595117846,67.57989222415968,21.990003216678698,75
31.959430486693304,236.07101587658852,72.7946285219377,19.75984064819301,63
22.248761410231605,94.62206872440382,65.96896013256816,27.94664742928443,31
23.43877092848962,206.44041182596266,42.63399655858031,24.629430518974225,45
30.833788525895994,131.2809372166176,49.94498678920935,16.99815776716389,37
30.800548048191114,76.40118661381536,66.73249832451346,19.71091494702322,34
29.61721449327946,252.2614738277768,52.55112792447567,26.951593997521044,62
30.4092266670065,11.527904688697499,42.99874171958072,11.985563537608044,16
28.140866650213944,270.5285976406271,90.61897984310943,9.803841175733321,82
23.77698588360429,138.44323938742025,98.87155174984694,0.3243325090558902,65
25.18543990255879,191.16044304248413,87.58857243980437,24.796532225743928,82
22.723965752021385,197.8061766617348,91.22709530228002,24.029421012100947,59
33.62675842000443,268.53532221196093,54.518627819022726,3.1336355430045417,34
28.750876921491805,191.0009046501622,97.63761853079198,17.305721433981006,85
26.0127712514546,184.18007542801854,51.8155422672057,13.919450945006622,67
26.93008705466199,19.99561216820699,97.08578862170994,3.561272865273344,56
34.20925009417723,155.52240658356124,99.68915763795707,29.417046811821706,57
22.3002710467412,45.050700245112495,82.70336834476292,6.440876623900663,22
28.79344748025196,221.23013061644568,98.86862390750932,2.0170254027168344,83
27.58833018326699,153.66657624380235,74.17238677402622,17.845421385057286,75
29.171813531519717,204.068333762506,55.57250699056542,22.16600031399098,66
20.27165275731261,12.50187018071528,66.21975313993725,0.9733033814156089,28
33.08185863416227,25.437604813740965,75.61365612272716,19.761529161810664,20
33.981774237254186,214.89701641880467,44.3848937216209,15.968756278543633,37
28.476997753838134,21.62530079960201,77.34059587703477,3.0979502662514524,57
30.449762358153382,21.37701832957758,98.87067020573767,5.175716308390862,40
33.837490717659435,3.632542570466235,51.406458987023655,17.039228919482415,3
30.608579514700978,286.950419489844,87.555706977303,8.89072840539865,67
22.28808564371392,221.2525078377021,94.47392762677715,28.14947185953948,52
28.644325402502197,105.97542255061924,96.62209556921324,24.562206884521522,70
29.100725695742838,88.96067438629657,97.60813626432683,29.50701619540989,72
26.36196006953579,104.91096892375487,71.28757832328832,7.79012516851242,61
31.046663534370843,232.39605935435455,98.63847447949023,29.09170898393931,65
34.01550522153522,198.41118332112433,85.43861242806634,12.937016093746736,55
33.88352769360164,55.558670360240384,49.700286174217716,10.42556385941264,6
26.76259057106198,52.2328006002253,68.6140063880782,1.5104858090805973,56
21.69857068761133,29.518694914019193,83.09987052232024,1.5829577357880786,38
34.772617984435016,198.09081591040143,54.840418949145,20.76033767839964,39
32.58347129668901,229.3117986665208,78.43691101293324,13.737869833020838,54
21.869940218049003,79.51392849750121,79.99602874279715,6.795648781083171,20
33.81262823926058,6.283488309273844,49.76198462851395,18.41910918975698,1
33.04844543093193,24.651500242928204,73.90511874716537,7.585743547503335,13
27.78257085689108,290.35801045350917,86.29761465871645,17.32895263033268,84
28.86913153617394,88.63343324322608,69.93373987215651,10.77626240948071,63
25.985040558051953,230.7669443514401,40.72618700656645,24.706566798354572,60
20.82142458233047,187.39907065627912,40.54230814475753,24.62088482300338,32
25.027958624688512,114.58189189586876,61.42176063820073,14.32051194367204,49
32.04280172897017,61.70617865866653,95.57164410590691,10.524573280050468,22
20.069480345069042,36.41592544782193,53.72060677621653,10.876793896772837,3
25.002487575367162,184.50389041166,78.06182133230124,24.171435770046536,82
25.97253040386415,232.3901341913364,53.324552241599235,9.84538448392836,63
28.060934044068844,193.17127606233922,59.300199379572916,6.271781211205381,60
33.79783424619141,159.0906399747475,90.88252537608903,2.540650256259205,57
25.19518991548942,12.585367029490879,83.73168653619682,14.000793626532252,53
25.204298028443414,290.54663327831514,45.723956638792636,14.463962967595256,66
31.062518721646224,239.61425749637237,65.72212125918601,25.227261312087215,56
26.783269113347107,87.84661101028942,41.75018581871587,6.637160893381919,46
23.36907234409973,293.9910988076552,68.85340879618055,11.429738210051998,60
26.7865927419904,180.56447689089663,79.74604070206408,24.252172166810727,81
22.112855305696996,174.72679746217395,47.11015741588909,24.708708322469207,35
22.64580479759335,224.42195382885964,57.33309633454994,11.538332279363047,31
27.475516591092195,243.53093642704127,63.87019753012942,13.773720698600426,63
26.28388174256822,196.9435821994508,95.17186147936299,9.098576725478488,86
33.7226885160215,38.42872390986001,99.59530092537784,27.976646352579362,27
25.435908486749497,101.48025179834951,42.69467793973695,3.559312972247409,47
28.70882525417065,278.4250920978149,85.66047540972352,28.012482690044102,88
29.483964318792957,67.38468355315558,62.30344398414059,20.515993555060298,31
20.196416848825006,111.65010715125399,63.547491173768805,15.947164580601935,22
29.953060580250657,129.6230648832588,85.25589840082137,0.9797718235348762,82
22.67053950304627,131.82149690833566,95.10558592872452,14.267885754660249,38
34.416054762041824,183.88187474835766,97.0557156701529,12.232443150081968,50
22.229940916296695,282.9227513234123,74.62735516229925,4.836564359253677,40
26.219361855905355,72.20781354975149,61.42726955803017,19.692288105019706,31
21.28024502117966,36.450412890275416,87.25294515152676,29.134527221048575,28
34.95311377768921,59.241146957981194,55.060082995738014,16.865664331935754,1
27.532925154968638,266.07747006278083,73.84444173001107,21.442598293318376,71
28.930775259800658,193.7432437965618,61.51470769149239,2.0535135769805035,65
21.006147160826412,85.77203677174803,79.39786442247257,12.530009874509842,41
31.249407055987668,244.78408169058517,54.42393477361041,3.490754554934876,51
23.148583896433788,258.4109989090308,51.49557674408955,18.383875066095314,53
33.470814341610705,253.9543016070834,95.09434520052622,28.154464746424637,55
23.07709460723011,275.67796009186634,46.10822097697221,19.853331974149157,52
22.860315809954997,75.67230605200848,70.3574744640959,2.304091449432646,15
20.548245017721424,226.51257862388348,53.251166977780535,10.639986149552485,31
27.081004176649987,138.161849182242,42.335797799540046,16.519901383225545,45
28.472616998939245,252.59956586701847,42.161129097485585,12.096232683997567,64
20.985629591425287,218.54720314848396,50.51330632634964,25.00932031425517,38
31.63291425042516,232.9342339499174,92.00622127036002,24.440130141299676,72
26.799332521220414,196.84855130432146,56.9487246386216,18.354930603096644,63
27.8658540399137,53.22863084091206,97.02755023451775,11.203738353981157,54
26.611441204073422,163.5080756690815,74.89733757935161,7.660091212897324,74
26.01144591312989,295.40092185735244,66.19685138612597,3.1762295463938797,75
28.39460496962327,281.2164199491357,74.80533008016728,10.646930504596622,72
22.328603688960687,12.952120739103501,71.00190311357606,12.395175516231586,14
22.728921957429066,49.444444718831136,85.52657522543952,20.27468775312221,21
32.92678431520276,39.51863203636857,56.949763958371136,19.744794728927204,9
34.191731932004494,217.79397299558866,61.183023496018144,2.1032441892377083,30
25.599639744196296,245.33559895708353,93.64565815199505,11.857779462934733,80
24.06117009715331,64.05340989320158,96.78739078902433,5.4533660165208575,44
29.659993148585237,151.7558078855487,93.55349364918847,4.7043811595041705,86
26.131012566471448,252.21090840336,65.16687963743881,24.819064492117377,71
20.380795334905173,219.84046342987517,86.8219301804129,1.257456501487726,63
22.342288960492855,162.6711616475545,68.58014399806592,12.57548627706364,44
30.739583432710962,177.10430713763188,69.85239112876613,5.046109672995546,61
29.88385912865227,152.50816407488398,52.28080654343704,26.37990647035422,61
20.406439887552253,89.26453539564618,75.46781819551099,16.711215398251053,40
23.329582428994243,169.50659785770483,51.16815386520088,6.941419091305441,45
23.466121948821073,206.6655906150272,59.89388194403163,15.072818614991291,51
30.078391153980927,261.9968747582423,91.3018120971961,21.944590791093475,73
20.29565806631546,190.8874061937744,52.424548552651316,28.743540267583015,34
21.561628729768607,228.3364611129474,44.26949711040597,6.613380127362568,34
31.99874128059784,48.021490486371896,44.14045555676898,26.585453163880352,18
22.678169930815002,138.46724232593698,96.44707123018648,28.029123425024707,37
29.79119161777812,2.799485948127989,70.41522627771008,27.492616335961987,48
23.572741715700896,74.0036593564869,64.5647243090211,19.062430705857295,19
21.491620891390177,217.93851453390144,88.6527148604751,18.89461963304123,57
23.64758286499181,297.54298540480903,90.14955567463096,12.096318995514682,73
30.834003977834886,29.753429876164773,59.93146198693628,22.571936469113638,19
32.835447021594284,120.44829475838648,81.61708344842772,15.938820550527957,44
32.45329796850488,240.02129060974784,86.2673689511132,20.323142136848833,58
25.957752944276823,61.210690388669654,79.27904121195726,12.853737115463863,51
30.021277048559693,166.52548479068588,49.095704488005964,21.94489392129417,53
23.074764431237316,219.92138880890244,92.55298501102342,24.734145528136473,68
24.3972159539152,184.79563507805372,72.34567316416052,4.393087698084484,60
33.445037277816795,56.40742038462484,56.94834558220022,24.98789146722684,5
20.19502885266104,106.61537060572182,65.51369112626163,16.208895953709217,30
21.28262796281702,235.13753534561917,42.25426542393444,25.33997727270673,31
23.11829382719041,166.267954239605,47.672008073345054,12.939051190230439,51
20.397983058107297,1.568884062873821,85.93280503095166,11.371214561491051,25
22.72153152634696,228.29722800842816,40.00069808532197,27.451821975516673,30
28.74562341454538,10.593406482071721,64.99394970893754,7.535078026452039,31
26.321368258887468,223.72013481936963,71.35061086513531,25.326369758584292,76
33.39007566615462,60.74416804957122,43.278065200058336,14.520617175282123,0
32.26165342607661,287.42204403581405,98.38468977833998,15.422863276537791,50
25.12726027546814,110.38222539062534,53.56751987498031,9.254048444684521,45
23.891351501469387,98.07948490142373,58.25192317817685,17.19126601857047,37
25.695386122509003,44.666415099733406,58.23655073530164,9.756335888286339,33
28.854424137722116,91.68126464706447,53.824999727040996,1.1780824272495694,58
24.020954612343143,262.99522854846015,40.08842932517869,8.159958160330682,46
29.36223361773701,298.9003012881742,83.76068764527979,0.19137130219772036,90
26.141174782868607,110.4928591520545,98.01072998795712,29.3506436117057,74
28.280707712779705,134.58318928636277,53.4576089971027,28.972416294592424,53
26.541897937029752,216.6212814608211,79.78283150820535,11.85465892416915,86
24.416986393128767,265.85873413952237,84.5137796175229,21.85112563018938,68
34.22679960443235,177.91330025603526,90.90552274543148,10.374182952312749,55
31.454086912396413,117.4577094533488,65.35775182081655,20.132794712579283,41
22.101697636496787,123.78655225458712,58.17585433842575,24.162901291379374,21
33.027019638468694,208.68544394904205,59.517708041381866,28.402687340767223,31
27.311467973742705,0.9654790812836045,82.75727998591077,12.00636827549016,59
33.41828340341137,185.8768012379522,89.00676799033816,23.49893948868143,57
31.997828839209728,106.64790313240722,50.89683806539616,7.977853518963563,37
26.378202567038503,238.25919938312526,62.256460489465915,29.70996911380945,60
20.33703962480176,27.89719194693965,94.116411804949,0.7730879629305343,37
24.030160390774192,176.46068008451715,88.40161118168436,18.10586419503363,66
28.124513219913005,144.29186696583713,99.09150416574855,19.785179449539815,70
29.502173297392208,192.69765777156823,85.25489558092485,20.641366712223864,80
23.868315281498035,19.456078344890503,63.59171206167534,3.61162736367267,19
22.09034111109236,173.99513622843938,75.43827003967827,28.155893504193912,56
32.523953551989486,168.44537638785712,79.66085525483922,5.435498371502484,59
34.76603271055328,168.19802832485126,44.70734897902744,18.682602097195232,30
27.885352734540287,181.04629997893645,72.66981754623191,6.680282373692549,71
22.57518928772455,202.94038116790867,82.55924970835657,9.216492510638126,56
24.084609897790536,241.49669990423092,50.039278240063624,16.39375625184373,50
20.275860148212,80.9462160384643,86.83790304553342,12.515802556937295,37
33.71448209840749,247.51482305401862,75.0263668308467,4.806768029295188,59
21.766266243352117,149.4767046790361,97.13330714185568,5.128092072625448,36
28.647747132713803,23.11748374029935,42.5453378924135,12.54434364488399,39
24.11082831030809,17.56527877319376,55.919568253328016,22.71848934826502,18
28.3126700377369,100.27149560881824,76.09323275798944,26.938939405433658,67
29.771305825277963,235.46909313344025,57.79359473235584,2.523829867781485,66
32.446127055608024,212.30428042227473,82.86544984427454,11.793117226782032,57
23.09631907640905,236.58448940172192,85.54031695131586,3.007366911686299,66
20.164937429877206,155.18071693248282,46.150957843988465,0.4977744189779365,49
22.05328445103211,132.05969938664717,70.83126785240606,19.8515604793187,31
33.500279627721575,44.23575801188518,70.53343333546336,18.073483258997634,17
33.10835116343773,98.45782608279346,62.156846212932464,4.890573414446586,20
28.961196532554624,130.2058098521626,95.97549175418033,7.014384992791923,70
29.007752906504802,26.580128903885168,89.65037919239327,0.7112326093355514,69
29.975550118193834,66.18358581336338,81.8325629145782,25.048416170832112,50
22.630569179351745,179.46758821912164,82.85959814409985,29.240717881456543,53
33.7161791888744,220.69893427175694,67.70296862878715,4.063786103840724,40
26.281557873381097,299.5042534178849,95.25967126579455,6.944256412958944,83
25.747077923742463,279.9339994030673,81.67572563519713,26.052285718408022,81
27.783765579242562,192.76955986055745,83.73886369934898,27.793913938685545,84
20.704489501625826,126.3744159882216,91.70145422724072,12.58882148420431,44
22.49425053134119,190.85320941246982,56.44429536053146,1.5186741680722238,48
31.070504246395558,235.6954854240696,88.42425423200218,1.181755010784582,84
21.241980018876898,35.500857277016195,51.71443617738952,17.218495982070312,2
29.047281641995824,122.97146690888647,60.72051713469327,11.78685326679537,52
23.680236645219814,251.94068569068517,60.136627256190565,0.8595728273296355,57
25.839434210629648,115.1498855799132,98.71152810334843,17.4975717693767,70
24.330406051560498,171.56168136815597,91.39223342487561,0.33907609767067415,78
25.335090746974238,176.33080825865946,82.07019169541559,23.62115874447819,87
30.785688577763683,55.34287594009181,83.62340569692341,9.192984681101148,40
24.456825734347625,108.67063249568652,73.72436766415426,1.207740090276963,57
28.496069604453456,100.35338662257965,96.82544002651115,17.650566629494598,65
27.140756032986495,7.859012559619439,69.7755251729417,11.93053243299164,45
29.955067480439723,7.257529167406574,62.831062592193675,29.214012400714484,30
34.05244608987137,249.50911310273204,49.78212021589546,16.325959875111067,30
30.988581458153753,81.92124299184373,87.17233913566348,8.257175431110248,57
23.224105678861353,155.42362987164464,84.06663592453549,21.28316593901924,71
20.46774702591927,89.61767207663192,63.061302311448095,8.14476007628134,17
23.933960664497377,282.20377353460213,41.51160483755376,27.12729874222695,50
28.926168960503823,77.78902765973213,90.33983966308064,11.241659115221292,58
20.771387202263757,128.8970438216805,40.68507900724442,16.49605688328616,21
27.445493708018546,261.81907514538057,82.22198677774306,1.5171931147268658,92
28.95264273375334,252.58007003754258,98.21542658356343,12.783637138566924,85
25.01365836225441,55.83042535388319,66.2596796888922,24.970906189829847,43
31.56368305618733,240.79299293871313,54.09840429975716,24.169464160900258,47
21.598973797006575,137.4560660213678,82.29226060260291,6.729556765605787,43
21.127066726037132,144.89066162560655,89.02768852093511,6.7823721303168805,44
30.92283134305405,40.04399172478313,72.78581896467084,24.519159366397105,26
27.432369743092977,24.180454127137395,98.02211651536877,27.911952605079765,50
30.32603594641604,218.38179209212956,43.100123299477666,2.8608276381901065,46
26.522410079056193,148.93834570658993,70.28773589827169,13.501759182786758,61
23.6960304985866,131.05521078455388,83.107236839353,10.12362836892687,59
32.286534765113,218.85246859571902,91.75842826895074,26.12065366372318,50
31.991238184534687,229.65386969733294,50.755336714467404,2.505747440400563,50
30.4204470628164,47.67245030080607,88.00020890582088,6.333778276741122,41
24.08217705844944,183.06754484329238,73.16242454311272,22.57405012759483,63
28.853460003036307,40.606224683305655,63.79322091939779,1.5388154694364675,47
25.414608454100403,225.4125258087137,47.90290171474561,14.776061421428677,65
21.373731099899512,197.08654688014187,91.91774553453475,13.2632110403916,52
33.75970363193364,286.9843863250374,49.43639249078292,10.03203536966246,37
22.052279463784423,20.687404906926353,58.58727155254596,11.837169459567713,6
34.253560307312036,17.116416345376294,57.40273191774621,15.898217607906988,2
26.690086594369337,84.65612240796004,92.28484205145125,4.841020751651493,73
